{
  "conv1": {
    "channel_0": {
      "kernel": [
        [
          0.5379045009613037,
          0.5388053059577942,
          0.539048433303833
        ],
        [
          0.5405381321907043,
          -0.3285791277885437,
          0.5375956296920776
        ],
        [
          0.5404155254364014,
          0.5379188060760498,
          0.5400795340538025
        ]
      ],
      "bias": -0.7810028195381165
    },
    "channel_1": {
      "kernel": [
        [
          -0.8436394929885864,
          -0.8436390161514282,
          -0.8438786268234253
        ],
        [
          -0.8436351418495178,
          -0.8418656587600708,
          -0.843757152557373
        ],
        [
          -0.8437519669532776,
          -0.8437506556510925,
          -0.84372478723526
        ]
      ],
      "bias": 2.5308468341827393
    }
  },
  "conv2": {
    "channel_0_weight": -1.871034026145935,
    "channel_1_weight": -3.994983673095703,
    "bias": 1.8602601289749146
  },
  "metadata": {
    "run_id": 1,
    "seed": 300,
    "convergence_epoch": 26,
    "val_accuracy": 1.0
  }
}